rtd_landscape	404	2567	10f3a84206d4843a307129a0cc215ee795b9b77489d53992cad6c9dc32d6363b	https://spdes-bib.readthedocs.io/en/latest/bib_entries/ben-arous.bourgade.ea:24:landscape.html
rtd_spectral	404	2549	4e9b35816e6f25090d81a8ee34dc39e05120fd4b7e99cb264fac7557aabd03da	https://spdes-bib.readthedocs.io/en/latest/bib_entries/mckenna:21:large.html
rtd_podcast_page	200	9141	143ef9419b6de13c4437ac3f3e5a246380a3363c96f6d9422f67c79d96ffe4fc	https://spdes-bib.readthedocs.io/en/latest/bib_entries/alberts.khanin.ea:14:continuum.html
rtd_podcast_wav	200	64719404	b4c8473c3d94ba120c4723d806189b0b36997bc05e949baf08c33bbcfa18820b	https://spdes-bib.readthedocs.io/en/latest/alberts_khanin_ea-14-continuum.wav
rtd_audio_recent	200	29876	90d3cb46a9ffd7cc3ac85747f7c6aed7eb11d6fb195da44c1347d12ef242e843	https://spdes-bib.readthedocs.io/en/latest/Audio_Recent.html
gh_landscape	200	7891	cad5f9b9a07785abf75382f8263892b77e7d7087d3cf03f602b51b7f3e4a6717	https://chenle02.github.io/SPDEs-Bib/bib_entries/ben-arous.bourgade.ea:24:landscape.html
gh_spectral	404	9379	b620507312c5e97566a3c6cfaf99144fefc18a0da7d941401dfa0f5f58fb0368	https://chenle02.github.io/SPDEs-Bib/bib_entries/mckenna:21:large.html
gh_podcast_page	200	8547	39fc38142f3ccfd14499b1c798a9bc79d8d37784afa543cce8544eb82e530ad8	https://chenle02.github.io/SPDEs-Bib/bib_entries/alberts.khanin.ea:14:continuum.html
gh_podcast_wav	200	64719404	b4c8473c3d94ba120c4723d806189b0b36997bc05e949baf08c33bbcfa18820b	https://chenle02.github.io/SPDEs-Bib/alberts_khanin_ea-14-continuum.wav
gh_audio_recent	404	9379	b620507312c5e97566a3c6cfaf99144fefc18a0da7d941401dfa0f5f58fb0368	https://chenle02.github.io/SPDEs-Bib/Audio_Recent.html
